{
  "train_loss": [
    5.141844131409642,
    3.9746144536799606,
    3.6899518532384836,
    3.5541713318984396,
    3.4706967156972715,
    3.412020205740077,
    3.3672391822223915,
    3.3326392282905837,
    3.3028053890126277,
    3.2790731544797005,
    3.259005579369789,
    3.240231993430373,
    3.2241864402299028,
    3.2094563541104937,
    3.1972107787874897,
    3.1848840493729016,
    3.175044936061706,
    3.165811244259863,
    3.1573233452631824,
    3.150014763287327,
    3.1419651389497463,
    3.135984785985119,
    3.1299966842399476,
    3.1242633368340695,
    NaN,
    NaN,
    NaN,
    NaN,
    NaN,
    NaN
  ],
  "val_loss": [
    4.550007079060748,
    4.092733221994376,
    3.8920255489652402,
    3.7776147829248177,
    3.7071047103200114,
    3.6436011546752374,
    3.603534048279081,
    3.5692464104825627,
    3.539078387473524,
    3.5164439104819194,
    3.4935702821802406,
    3.4758476401578604,
    3.464070064286701,
    3.44881630180907,
    3.43545555582574,
    3.4214570597716283,
    3.4111524667607394,
    3.404086677311696,
    3.399153340751721,
    3.389088432803363,
    3.3818460679120017,
    3.378215342965571,
    3.3661678730278752,
    3.369622226129402,
    3.358460167747406,
    3.35474810220645,
    3.350595302861768,
    3.345943550032585,
    30.44414467753367,
    30.393729444084492
  ],
  "val_ppl": [
    94.63307822586245,
    59.90339743703612,
    49.01005832408056,
    43.71165550605794,
    40.73569399007753,
    38.22925861153411,
    36.7278031873749,
    35.48983830168772,
    34.43516867946389,
    33.6645013740293,
    32.90321199983553,
    32.32521707926443,
    31.946737543226096,
    31.46312741090568,
    31.045552326784005,
    30.613988951474077,
    30.300144053978535,
    30.086804210613263,
    29.938741401556367,
    29.63892208320989,
    29.425041629509032,
    29.31840110516707,
    28.967307689426402,
    29.06754402476123,
    28.74489446787473,
    28.638389334957335,
    28.519706454153674,
    28.38734791724066,
    22026.465794806718,
    22026.465794806718
  ]
}